[
null,
{"id":1,"animation1Hue":0,"animation1Name":"Colorize Picture","animation2Hue":0,"animation2Name":"","frames":[[[0,0,-90,100,0,0,255,0]],[[1,0,-90,100,0,0,255,0]],[[2,0,-90,100,0,0,255,0]],[[3,0,-90,100,0,0,255,0]],[[4,0,-90,100,0,0,255,0]],[[5,0,-90,100,0,0,255,0]],[[6,0,-90,100,0,0,255,0]],[[7,0,-90,100,0,0,255,0]],[[8,0,-90,100,0,0,255,0]],[[9,0,-90,100,0,0,255,0]],[[10,0,-90,100,0,0,255,0]],[[11,0,-90,100,0,0,255,0]],[[12,0,-90,100,0,0,255,0]],[[13,0,-90,100,0,0,255,0]],[[14,0,-90,100,0,0,255,0]],[[15,0,-90,100,0,0,255,0]],[[16,0,-90,100,0,0,255,0]],[[17,0,-90,100,0,0,255,0]],[[18,0,-90,100,0,0,255,0]],[[19,0,-90,100,0,0,255,0]]],"name":"Colorize Picture","position":1,"timings":[]},
{"id":2,"animation1Hue":0,"animation1Name":"","animation2Hue":0,"animation2Name":"","frames":[[]],"name":"Colorize Stove","position":1,"timings":[]},
{"id":3,"animation1Hue":0,"animation1Name":"","animation2Hue":0,"animation2Name":"","frames":[[]],"name":"","position":1,"timings":[]},
{"id":4,"animation1Hue":0,"animation1Name":"","animation2Hue":0,"animation2Name":"","frames":[[]],"name":"","position":1,"timings":[]},
{"id":5,"animation1Hue":0,"animation1Name":"","animation2Hue":0,"animation2Name":"","frames":[[]],"name":"","position":1,"timings":[]},
{"id":6,"animation1Hue":0,"animation1Name":"","animation2Hue":0,"animation2Name":"","frames":[[]],"name":"","position":1,"timings":[]},
{"id":7,"animation1Hue":0,"animation1Name":"","animation2Hue":0,"animation2Name":"","frames":[[]],"name":"","position":1,"timings":[]},
{"id":8,"animation1Hue":0,"animation1Name":"","animation2Hue":0,"animation2Name":"","frames":[[]],"name":"","position":1,"timings":[]},
{"id":9,"animation1Hue":0,"animation1Name":"","animation2Hue":0,"animation2Name":"","frames":[[]],"name":"","position":1,"timings":[]},
{"id":10,"animation1Hue":0,"animation1Name":"","animation2Hue":0,"animation2Name":"","frames":[[]],"name":"","position":1,"timings":[]}
]