[
null,
{"id":1,"list":[{"code":0,"indent":0,"parameters":[]}],"name":"","switchId":1,"trigger":0},
{"id":2,"list":[{"code":205,"indent":0,"parameters":[0,{"list":[{"code":11,"indent":null},{"code":0}],"repeat":false,"skippable":true,"wait":true}]},{"code":505,"indent":0,"parameters":[{"code":11,"indent":null}]},{"code":122,"indent":0,"parameters":[19,19,0,3,5,0,0]},{"code":122,"indent":0,"parameters":[20,20,0,3,5,0,1]},{"code":0,"indent":0,"parameters":[]}],"name":"Push Object","switchId":1,"trigger":0},
{"id":3,"list":[{"code":111,"indent":0,"parameters":[0,41,1]},{"code":121,"indent":1,"parameters":[41,41,0]},{"code":122,"indent":1,"parameters":[41,41,0,0,0]},{"code":122,"indent":1,"parameters":[43,43,0,0,0]},{"code":122,"indent":1,"parameters":[45,45,0,0,1]},{"code":205,"indent":1,"parameters":[-1,{"list":[{"code":41,"parameters":["!Walk",0],"indent":null},{"code":32,"indent":null},{"code":0}],"repeat":false,"skippable":true,"wait":true}]},{"code":505,"indent":1,"parameters":[{"code":41,"parameters":["!Walk",0],"indent":null}]},{"code":505,"indent":1,"parameters":[{"code":32,"indent":null}]},{"code":112,"indent":1,"parameters":[]},{"code":122,"indent":2,"parameters":[42,42,0,3,5,-1,0]},{"code":122,"indent":2,"parameters":[44,44,0,3,5,-1,1]},{"code":285,"indent":2,"parameters":[46,0,1,42,44]},{"code":111,"indent":2,"parameters":[1,43,1,44,0]},{"code":111,"indent":3,"parameters":[1,41,1,42,0]},{"code":113,"indent":4,"parameters":[]},{"code":0,"indent":4,"parameters":[]},{"code":412,"indent":3,"parameters":[]},{"code":0,"indent":3,"parameters":[]},{"code":412,"indent":2,"parameters":[]},{"code":111,"indent":2,"parameters":[1,45,1,46,5]},{"code":113,"indent":3,"parameters":[]},{"code":0,"indent":3,"parameters":[]},{"code":412,"indent":2,"parameters":[]},{"code":122,"indent":2,"parameters":[41,41,0,1,42]},{"code":122,"indent":2,"parameters":[43,43,0,1,44]},{"code":122,"indent":2,"parameters":[45,45,0,1,46]},{"code":205,"indent":2,"parameters":[-1,{"list":[{"code":12,"indent":null},{"code":0}],"repeat":false,"skippable":true,"wait":true}]},{"code":505,"indent":2,"parameters":[{"code":12,"indent":null}]},{"code":0,"indent":2,"parameters":[]},{"code":413,"indent":1,"parameters":[]},{"code":205,"indent":1,"parameters":[-1,{"list":[{"code":41,"parameters":["!Walk",0],"indent":null},{"code":31,"indent":null},{"code":0}],"repeat":false,"skippable":false,"wait":true}]},{"code":505,"indent":1,"parameters":[{"code":41,"parameters":["!Walk",0],"indent":null}]},{"code":505,"indent":1,"parameters":[{"code":31,"indent":null}]},{"code":0,"indent":1,"parameters":[]},{"code":412,"indent":0,"parameters":[]},{"code":121,"indent":0,"parameters":[41,41,1]},{"code":0,"indent":0,"parameters":[]}],"name":"Slide","switchId":1,"trigger":0},
{"id":4,"list":[{"code":101,"indent":0,"parameters":["",0,0,2]},{"code":401,"indent":0,"parameters":["*Ring... Ring... Ring...*"]},{"code":401,"indent":0,"parameters":[""]},{"code":401,"indent":0,"parameters":["*Click*"]},{"code":101,"indent":0,"parameters":["",0,0,2]},{"code":401,"indent":0,"parameters":["Hey bud, just checking in to see how you are "]},{"code":401,"indent":0,"parameters":["feeling today."]},{"code":101,"indent":0,"parameters":["",0,0,2]},{"code":401,"indent":0,"parameters":["Remember, if you think you can’t make any more "]},{"code":401,"indent":0,"parameters":["progress, or you just need a day to RESET then feel "]},{"code":401,"indent":0,"parameters":["free to stop and try again tomorrow by heading to bed."]},{"code":0,"indent":0,"parameters":[]}],"name":"Puzzle Softlock","switchId":1,"trigger":0}
]